id,user_id,type,title,content,url,description,domain,favicon_url,image_url,metadata,tags,is_archived,is_favorite,created_at,updated_at,accessed_at,color,is_hidden,is_pinned,pinned_at
cmemowv6x00016vx4hb0ui5am,demo-user,TEXT,测试笔记,这是一条测试数据，用来验证数据库连接是否正常,,,,,,{},,false,false,2025-08-22 10:31:02.89,2025-08-22 10:31:02.89,2025-08-22 10:31:02.89,default,false,false,
cmempsum50001l404t17ooca8,demo-user,LINK,专注飞机：用一场虚拟飞行让你保持专注 - 少数派,,https://sspai.com/post/101971,节目关注的独立应用《专注飞机》（FocusFlight）是一款帮助用户专注的产品。和同类 apps 不同的是，《专注飞机》巧妙地模拟了城市间的航班飞行，为用户带来了独特的沉浸感。本作的两位开发者 Una 和 Sidney 也凭借独特的观察和切入点荣获了 2025 年小红书独立开发大赛的「最佳创意奖」。,sspai.com,https://cdn-static.sspai.com/favicon/sspai.ico,https://cdnfile.sspai.com/20/08/2025/article/5aec327d-b0b5-e18d-6e23-bffe8dad84e9.jpeg,{},,false,false,2025-08-22 10:55:55.131,2025-08-23 06:28:08.792,2025-08-22 10:55:55.131,default,false,false,
cmempwk590003l40409veh7d7,demo-user,LINK,《黑神话：钟馗》公布先导预告，科隆游戏展开幕夜消息汇总 - 少数派,,https://sspai.com/post/101983,编注：本文首发于机核网，少数派经授权转载，仅对文章格式略作调整。在昨日举行的科隆游戏展开幕夜中，知名主持人GeoffKeighley为我们带来了诸多游戏的最新动态。其中，值得注意的消息包括：《使命召唤 ...,sspai.com,https://cdn-static.sspai.com/favicon/sspai.ico,https://cdnfile.sspai.com/2025/8/21/article/4a993367-8e80-d57c-eb83-64d553d88092.png,{},,false,false,2025-08-22 10:58:48.189,2025-08-22 10:58:48.189,2025-08-22 10:58:48.189,default,false,false,
cmemq2ttf0007l404qm7xxukl,demo-user,LINK,在 Mac 上爽玩游戏？我的折腾与收获 - 少数派,,https://sspai.com/post/101506,这只是一个 Mac 用户对游戏的探索，「能玩」便已经满足了很大一部分期待。,sspai.com,https://cdn-static.sspai.com/favicon/sspai.ico,https://cdnfile.sspai.com/2025/08/05/4ecedb32e707e2d7fae22ffbd836094e.jpg,{},,false,false,2025-08-22 11:03:40.66,2025-08-22 11:03:40.66,2025-08-22 11:03:40.66,default,false,false,
cmemq820l0009l404b2pdcocp,demo-user,TEXT,,欢迎大家来玩哇,,,,,,{},,false,false,2025-08-22 11:07:44.566,2025-08-23 15:49:47.08,2025-08-22 11:07:44.566,blue,true,false,
cmemq87bh000bl4046e0tdvr3,demo-user,TEXT,哥哥我喜欢你,哈哈，补药黑我设备求求你了哥哥。我最喜欢你了🫶🏻🥹🥰,,,,,,{},🐱,false,false,2025-08-22 11:07:51.437,2025-08-24 15:53:41.29,2025-08-22 11:07:51.437,default,false,false,
cmemqb1ps000dl404o0kq5o9x,demo-user,LINK,CS自学指南,,https://csdiy.wiki/,一位北大信科学长留下的珍贵宝物，给出了信科自学的各板块有效资料，时效性强，是个好东西。,csdiy.wiki,https://csdiy.wiki/favicon.ico,,{},学习,false,false,2025-08-22 11:10:04.144,2025-08-22 11:10:04.144,2025-08-22 11:10:04.144,default,false,false,
cmems5ixc00016vzcbmrccfp2,demo-user,LINK,瓦伦西亚旧冰库改造 / Homu Arquitectos | ArchDaily,,https://www.archdaily.cn/cn/1029936/wa-lun-xi-ya-jiu-bing-ku-gai-zao-homu-arquitectos,"有日期 2024 的 瓦伦西亚, 西班牙. 图像是由 Jorge Peiró. &amp;nbsp;Homu Arquitectos 将一座 243 平方米的旧冰库改造成两套旅游公寓。这座公寓位于瓦伦西亚历史悠久的卡巴尼亚尔海滨区，为这座曾经的冰库注入了新的活力，将其改造成两座融合了历史、身份和当代设计的旅游住宿。 公寓充分体现了该社区的特色。...",www.archdaily.cn,https://www.archdaily.cn/favicon.ico,https://images.adsttc.com/media/images/6806/f324/5bb0/0401/8564/774e/medium_jpg/apartamentos-los-angeles-homu-arquitectos_13.jpg?1745285977,{},,false,false,2025-08-22 12:01:45.744,2025-08-22 12:01:45.744,2025-08-22 12:01:45.744,default,false,false,
cmemsyh1p0001js04z1sgxvau,demo-user,LINK,"11 Data Science Concepts You Think You Understand — But Probably Don’t | by Abdur Rahman | Data Science Collective | Aug, 2025 | Medium",,https://medium.com/data-science-collective/11-data-science-concepts-you-think-you-understand-but-probably-dont-49a36bf12d40,"Let’s be real — you’ve probably trained a regression model, built a neural network, or maybe even thrown around the words “gradient descent” in casual conversation. But if you’re like me — deep in…",medium.com,https://miro.medium.com/v2/5d8de952517e8160e40ef9841c781cdc14a5db313057fa3c3de41c6f5b494b19,https://miro.medium.com/v2/da:true/resize:fit:1200/0*k_CA7kqLqMw3yOrB,{},,false,false,2025-08-22 12:24:16.331,2025-08-22 12:24:16.331,2025-08-22 12:24:16.331,default,false,false,
cmemt6dzi00036v7ou6dx29g7,demo-user,LINK,p2看艺术家作品 - 小红书,,https://www.xiaohongshu.com/explore/68a5cedd000000001d015618?xsec_token=ABf2_Pu5w4eEzS3vRd1QStwfScBxO82mqYdK3H7BwoQ7Y=&xsec_source=pc_feed,世界不缺少美 只是缺少发现美（食）的眼睛#日落后出发 #日落 #风景 #烟台 #海边拍照 #海边日落 #搞怪,www.xiaohongshu.com,https://fe-video-qc.xhscdn.com/fe-platform/ed8fe781ce9e16c1bfac2cd962f0721edabe2e49.ico,,{},,false,false,2025-08-22 12:30:25.614,2025-08-23 06:27:57.489,2025-08-22 12:30:25.614,default,false,false,
cmemu16go0001ld048vqbt5ju,demo-user,LINK,非功能性分配，SF-FR 住宅 / Mariano Ravenna | ArchDaily,,https://www.archdaily.cn/cn/999568/sf-fr-zhu-zhai-mariano-ravenna?ad_medium=widget&ad_name=recommended-projects,"有日期 2023 的 Los Hornos, 阿根廷. 图像是由 Rodrigo Lautaro Riquelme. 在传统家庭的概念可被重新定义的时代，该项目旨在解决一个没有永久用途或固定功能的住房问题，以及打破常规单户家庭房屋的概念，也间接对应了这个包含父母及孩子的重组家庭。 ...",www.archdaily.cn,https://www.archdaily.cn/favicon.ico,https://images.adsttc.com/media/images/642c/a05d/4c03/2a01/7067/7408/medium_jpg/casa-sf-fr-arq-mariano-ravenna_12.jpg?1680646265,{},,false,false,2025-08-22 12:54:22.198,2025-08-22 12:54:22.198,2025-08-22 12:54:22.198,default,false,false,
cmemu8jd10003ld048hk1udq3,demo-user,LINK,rettiwt-api - npm,,https://www.npmjs.com/package/rettiwt-api,"An API for fetching data from TwitterAPI, without any rate limits!. Latest version: 6.0.5, last published: 2 months ago. Start using rettiwt-api in your project by running `npm i rettiwt-api`. There are 7 other projects in the npm registry using rettiwt-api.",www.npmjs.com,https://static-production.npmjs.com/b0f1a8318363185cc2ea6a40ac23eeb2.png,https://static-production.npmjs.com/338e4905a2684ca96e08c7780fc68412.png,{},,false,false,2025-08-22 13:00:05.51,2025-08-22 13:00:05.51,2025-08-22 13:00:05.51,default,false,false,
cmemueaym00016v4814ce7j2a,demo-user,LINK,红教堂的重建与加建 / Atelier-r | ArchDaily,,https://www.archdaily.cn/cn/1003029/hong-jiao-tang-de-zai-jian-atelier-r?ad_medium=widget&ad_name=most-visited-article-show,"有日期 2023 的 Olomouc, 捷克. 图像是由 BoysPlayNice. 项目包括重建红教堂，新建现代化的附属建筑。自1959 年以来，奥洛穆茨研究图书馆一直将红色教堂作为图书存放处，在这些年里，这座美丽的路德教教堂一直对公众完全关闭。这座受保护建筑的所有者Olomouc Region...",www.archdaily.cn,https://www.archdaily.cn/favicon.ico,https://images.adsttc.com/media/images/6494/1be2/5921/1807/28a9/a13b/medium_jpg/the-red-church-reconstruction-atelier-r_4.jpg?1687428090,{},,false,false,2025-08-22 13:04:34.558,2025-08-22 13:04:34.558,2025-08-22 13:04:34.558,default,false,false,
cmemwdgln0001lg04l33c1xd9,demo-user,LINK,"You’re using GPT-5 wrong! Here’s how to be ahead of 99% of users | by The PyCoach | Artificial Corner | Aug, 2025 | Medium",,https://medium.com/artificial-corner/youre-using-gpt-5-wrong-here-s-how-to-be-ahead-of-99-of-users-51b3914e112c,Why? Because making the most out of GPT-5 requires familiarity with prompting techniques and parameter settings to maximize the quality of its outputs. I’ve spent many hours studying OpenAI’s GPT-5…,medium.com,https://miro.medium.com/v2/5d8de952517e8160e40ef9841c781cdc14a5db313057fa3c3de41c6f5b494b19,https://miro.medium.com/v2/resize:fit:1200/1*cDKYhvhWzhiOZmzBpnCy5g.png,{},,false,false,2025-08-22 13:59:54.441,2025-08-23 00:23:59.193,2025-08-22 13:59:54.441,default,false,false,
cmemx79vl0005l804yksxgwlw,demo-user,TEXT,,- 为什么手机上创建的链接，图片显示和电脑上创建的不一样？,,,,,,{},TODO,false,false,2025-08-22 14:23:05.41,2025-08-23 05:14:03.72,2025-08-22 14:23:05.41,pink,false,false,
cmemxcoar0007l804z63jejzt,demo-user,LINK,贵州羊肉粉里还能加茅台！这能好吃吗？_哔哩哔哩_bilibili,,https://www.bilibili.com/video/BV1XmK6zPEAB/?spm_id_from=333.1007.tianma.4-2-12.click&vd_source=e254c5ed17076dd593ef1d2d20973fd8,"朋友们，有没有什么特色家乡菜推荐可以在评论区里和我互动！之后我会抽出时间去尝试的哦喜欢这期视频别忘记一键三连哦, 视频播放量 1163616、弹幕量 4841、点赞数 51084、投硬币枚数 14134、收藏人数 6913、转发人数 914, 视频作者 中国BOY超级大猩猩, 作者简介 新浪 @中国BOY-Hans，相关视频：挑战美国最辣炸鸡！居然直接辣吐了！，爱吃生腌的女孩，肠胃不会太差...，我们复刻了一道米其林三星招牌菜！，酥酥脆脆香猪!小傲抱头痛哭！，全球顶级网红撒盐哥餐厅！一顿饭竟花了接近￥5000！，我在美国竟然被打屁股了！？屁股好疼！，全球第九的牛排餐厅！居然吃出塑料？，全世界最便宜的米其林餐厅之一！居然是路边摊？，贵阳历险记！，江西人vs全球最辣炸鸡！ 美国签生死状炸鸡，到底有多辣？",www.bilibili.com,https://i0.hdslb.com/bfs/static/jinkela/long/images/favicon.ico,https://i2.hdslb.com/bfs/archive/f44b6ca2c0ff00516f69fdb2a25d92245f0be5fb.jpg,{},,false,false,2025-08-22 14:27:17.379,2025-08-22 14:27:17.379,2025-08-22 14:27:17.379,default,false,false,
cmemxdgt7000bl8047iww4vlr,demo-user,LINK,我们复刻了一道米其林三星招牌菜！_哔哩哔哩_bilibili,,https://www.bilibili.com/video/BV1V84y1V7En?spm_id_from=333.788.recommend_more_video.-1&vd_source=e254c5ed17076dd593ef1d2d20973fd8,notes-test1,www.bilibili.com,https://i0.hdslb.com/bfs/static/jinkela/long/images/favicon.ico,https://i2.hdslb.com/bfs/archive/46ef0c8968839e5f54647331bdbd31325739f938.jpg,{},,false,false,2025-08-22 14:27:54.331,2025-08-23 13:34:35.123,2025-08-22 14:27:54.331,default,false,false,
cmemxh2zy000dl804p9mopdfl,demo-user,TEXT,,- 在Zos上做一个“kindle”（致敬经典）,,,,,,{},TODO,false,false,2025-08-22 14:30:43.055,2025-08-24 01:28:58.657,2025-08-22 14:30:43.055,blue,false,false,
cmemy1iw70001l204ytnnee2s,demo-user,LINK,"DeepWiki | AI documentation you can talk to, for every repo",,https://deepwiki.org/,"DeepWiki provides up-to-date documentation you can talk to, for every repo in the world. Think Deep Research for GitHub - powered by Devin.",deepwiki.org,https://deepwiki.org/favicon.ico,https://deepwiki.com/opengraph-image.png?8391a278ea71bf13,{},,false,false,2025-08-22 14:46:36.773,2025-08-23 03:15:12.216,2025-08-22 14:46:36.773,default,false,false,
cmen1su9c0005l804bosdh36l,demo-user,TEXT,,"- 手机上，点击“+New”和“xNew”，都应该有震动反馈，取消键也应该要有震动反馈
- 从链接笔记切换到文本笔记应该要有一个过渡动画或者震动反馈
- 优化输入界面，用输入的位置来暗示输入的内容，不像现在一样被框住",,,,,,{},TODO,false,false,2025-08-22 16:31:50.064,2025-08-22 16:31:50.064,2025-08-22 16:31:50.064,default,false,false,
cmen1xp7z0009l804w5nll52i,demo-user,TEXT,,- 参考sumink，侧边搜索，test1,,,,,,{},TODO 功能,false,false,2025-08-22 16:35:36.815,2025-08-23 16:19:38.175,2025-08-22 16:35:36.815,pink,false,false,
cmen3218o0001l704a7u5hy2l,demo-user,LINK,link-preview-js - npm,,https://www.npmjs.com/package/link-preview-js,（这是一个可以 链接-->卡片 的组件）Javascript module to extract and fetch HTTP link information from blocks of text.,www.npmjs.com,https://static-production.npmjs.com/b0f1a8318363185cc2ea6a40ac23eeb2.png,https://static-production.npmjs.com/338e4905a2684ca96e08c7780fc68412.png,{},,false,false,2025-08-22 17:06:58.63,2025-08-24 00:05:27.004,2025-08-22 17:06:58.63,default,false,false,
cmenoffuc00016v6cq38brtqy,demo-user,LINK,单依纯歌VCR手历程_哔哩哔哩_bilibili,,https://www.bilibili.com/video/BV1ahtpzBEJC/?spm_id_from=333.337.search-card.all.click&vd_source=e254c5ed17076dd593ef1d2d20973fd8,"单依纯歌VCR手历程, 视频播放量 23654、弹幕量 83、点赞数 1438、投硬币枚数 379、收藏人数 714、转发人数 290, 视频作者 _纯属娱乐, 作者简介 请勿投币 权侵私信 备注截图 在线秒删 币余额这辈子用不完，，相关视频：全网首位单依纯解析，写在歌手决赛前：单依纯，一个好歌手，她是她，单依纯：我没办法决定别人怎么想，a-lin听单依纯《君》听哭了：全程热泪盈眶，【单依纯 开箱】10万粉丝奖牌开箱，下次我们一起把奖牌换个颜色。，孙楠to单依纯：你今天唱的非常好，特别好！，叶蒨文：不会参加《歌手》，我知道单依纯会参加，我和老公都非常喜欢她，都支持她，她太厉害!，【单依纯《有趣》】歌手彩排纯享，单依纯大1上期末考《idontwannabeyouanymore》(by:冷白纯姐盛大妞儿)，单依纯从“胎教”开始听王力宏，单依纯：奇怪的王叔叔…",www.bilibili.com,https://i0.hdslb.com/bfs/static/jinkela/long/images/favicon.ico,https://i1.hdslb.com/bfs/archive/30816aa201de7a1841c3e28d637654ef83985a4a.jpg,{},,false,false,2025-08-23 03:05:16.02,2025-08-23 14:39:49.173,2025-08-23 03:05:16.02,default,false,false,
cmenpnti00001l604flmpdwrn,demo-user,TEXT,,"- 移动端和桌面端，修改链接笔记，最外侧会出现滚动条，并且移动端初始按钮位置偏移
- 移动端不要显示 'safely landed'
- 移动端创建卡片的界面宽度应该自适应用户手机宽度
- 创建和取消的按钮互换位置",,,,,,{},TODO UI,false,false,2025-08-23 03:39:46.582,2025-08-23 16:19:12.157,2025-08-23 03:39:46.582,default,false,false,
cmeo0adcg00016vaks6kzuv3v,demo-user,IMAGE,,,,,,,https://k4om4n9exwhk7kke.public.blob.vercel-storage.com/images/1755938230482-1obfb0s5411.jpg,{},,false,false,2025-08-23 08:37:14.896,2025-08-24 01:13:54.201,2025-08-23 08:37:14.896,default,false,false,
cmeo0xgah00016va8jixt1ma3,demo-user,IMAGE,123,123,,,,,https://k4om4n9exwhk7kke.public.blob.vercel-storage.com/images/1755939308429-p09f2h8vevr.jpg,{},自己,false,false,2025-08-23 08:55:11.801,2025-08-24 12:00:48.146,2025-08-23 08:55:11.801,default,false,false,
cmeo71n4800016vtk86i90oti,demo-user,IMAGE,,,,,,,https://k4om4n9exwhk7kke.public.blob.vercel-storage.com/images/1755949570429-eqqyx4j2pue.png,{},icon,false,false,2025-08-23 11:46:24.968,2025-08-24 00:28:25.864,2025-08-23 11:46:24.968,default,false,false,
cmeo9by9o0001l104a33flcrt,demo-user,IMAGE,1,1,,,,,https://k4om4n9exwhk7kke.public.blob.vercel-storage.com/images/1755953419884-nhbwlsyn29g.png,{},icon,false,false,2025-08-23 12:50:25.209,2025-08-24 10:44:07.558,2025-08-23 12:50:25.209,default,false,false,
cmeoa0x5800016v2g0bl87dbe,demo-user,LINK,The hobby that’s costing young men tens of thousands of dollars | CNN Business,,https://edition.cnn.com/2025/08/23/business/sports-gambling-risk-young-men,"When Ethan lost $11,000 on a single hockey game this past March, it was the last straw.",edition.cnn.com,https://edition.cnn.com/media/sites/cnn/favicon.ico,"https://media.cnn.com/api/v1/images/stellar/prod/ap24164703253757.jpg?c=16x9&q=w_800,c_fill",{},,false,false,2025-08-23 13:09:50.156,2025-08-23 13:09:50.156,2025-08-23 13:09:50.156,default,false,false,
cmeoayy1e0001la04sxav14r2,demo-user,IMAGE,好傻，哈哈哈哈！,好傻，哈哈哈哈！,,,,,https://k4om4n9exwhk7kke.public.blob.vercel-storage.com/images/1755956172221-1vui6vs50chh.jpg,{},功能,false,false,2025-08-23 13:36:17.616,2025-08-25 13:51:45.584,2025-08-23 13:36:17.616,default,false,false,
cmeofzlz80001l4043xbb3189,demo-user,IMAGE,我18岁生日照花絮！🥰姐姐真好看！蹭蹭,我18岁生日照花絮！🥰姐姐真好看！蹭蹭,,,,,https://k4om4n9exwhk7kke.public.blob.vercel-storage.com/images/1755964600987-mq2jmp12prl.jpeg,{},🐶很喜欢,false,false,2025-08-23 15:56:46.723,2025-08-25 17:14:21.034,2025-08-23 15:56:46.723,default,false,false,
cmeohdzjh0001k104sd9xisnf,demo-user,TEXT,,- 如果笔记没有搜到，那么点击“全部笔记”之后应该清空搜索栏,,,,,,{},,false,false,2025-08-23 16:35:57.101,2025-08-23 16:35:57.101,2025-08-23 16:35:57.101,default,false,false,
cmeohj82g0001jo04rumazg2h,demo-user,LINK,年轻人熬夜后最恐惧的病，居然被中国核电站找到了解药,,https://mp.weixin.qq.com/s/MxbBl2npJg4MYZvrf6Pu-g,核电站有点像太上老君的“炼丹炉”了。,mp.weixin.qq.com,https://res.wx.qq.com/a/wx_fed/assets/res/NTI4MWU5.ico,https://mmbiz.qpic.cn/sz_mmbiz_jpg/8S67SzX3z3CXpkAJxvrN0FJ6q8zwUDDfhumCRsiabiarJzUaYXGYIPWm3LuS1thI3wicOZe7GeMpmzicRgcSpiblmbg/0?wx_fmt=jpeg,{},,false,false,2025-08-23 16:40:01.43,2025-08-23 16:40:01.43,2025-08-23 16:40:01.43,default,false,false,
cmeohovrt0007k104z6f24cpo,demo-user,LINK,我在美院学“编程”,,https://mp.weixin.qq.com/s/tOelCKSm3PI__6HkKvIebg,好先进！好时代！,mp.weixin.qq.com,https://res.wx.qq.com/a/wx_fed/assets/res/NTI4MWU5.ico,https://mmbiz.qpic.cn/mmbiz_jpg/vJHRsfBnF8mVxurBicchiaibbWzEWicnG0VpwnUvzn2fs2ItXibcicZOKibOY3ky4dibOthlc2uanRS9zYib3vrq5rrrYfw/0?wx_fmt=jpeg,{},,false,false,2025-08-23 16:44:25.434,2025-08-24 01:28:26.114,2025-08-23 16:44:25.434,default,false,false,
cmeovukfc0001jo04wcdhldex,demo-user,TEXT,,"🐶：早上起床，拥抱太阳
🐱：晚上睡觉，坠入梦乡",,好耶,,,,{},,false,false,2025-08-23 23:20:45.286,2025-08-24 13:59:40.457,2025-08-23 23:20:45.286,default,false,false,
cmepv1in20001jr04b8pceoqa,demo-user,LINK,Vivex：Claude Code 为什么好用 | 深度,,https://mp.weixin.qq.com/s/9bW4ONCFMgdypPiEeHn3rg,保持简单。,mp.weixin.qq.com,https://res.wx.qq.com/a/wx_fed/assets/res/NTI4MWU5.ico,https://mmbiz.qpic.cn/sz_mmbiz_jpg/2niaYkVLHpnEp5TNRldopibALQyVG2VkodTeXyqedoibYf0iaDhK13JvA44HNypDUYgXtA3XwZkybhyMW09ut8QBOw/0?wx_fmt=jpeg,{},,false,false,2025-08-24 15:45:56.123,2025-08-24 15:45:56.123,2025-08-24 15:45:56.123,default,false,false,
cmepv2hhw0003jr04omb1hump,demo-user,LINK,,,https://mp.weixin.qq.com/s/0WOyYA3WhJMBlMzAk7rFEg,之前出现过许多基于web container技术的AI编程工具，但或者是闭源，或者是只有web端。\x0a\x0aDyad （https://www.dyad.sh/）是本地优先、开源免费的，在GitHub上已经拥有恐怖的12.9k\x0a\x0aDyad运行在本地，而且不用环境配置问题，开箱即用。API完全自主，你甚至可以白嫖Gemini\x0a\x0a博主写了个相对复杂一些的Todo List，测试了一下，效果还是非常优秀的。,mp.weixin.qq.com,https://res.wx.qq.com/a/wx_fed/assets/res/NTI4MWU5.ico,https://mmbiz.qpic.cn/sz_mmbiz_jpg/o1pPmCfcvOVhz2IglVlXfvLCicStl4gibFicUGiaTf3HJeJRAIrlI5q52rlz3vU330W7x4rmDTE8z6b4CM5O0ga4ibA/0?wx_fmt=jpeg,{},,false,false,2025-08-24 15:46:41.301,2025-08-24 15:46:41.301,2025-08-24 15:46:41.301,default,false,false,
cmepv5eq00005jr04ky4c1dqg,demo-user,LINK,吴恩达 Claude Code 笔记精华版,,https://mp.weixin.qq.com/s/Of1qAQuAQDrkyWIZ0ug-dw,Claude Code 从入门到进阶。,mp.weixin.qq.com,https://res.wx.qq.com/a/wx_fed/assets/res/NTI4MWU5.ico,https://mmbiz.qpic.cn/sz_mmbiz_jpg/2niaYkVLHpnEp5TNRldopibALQyVG2VkodPvaFriaV0PmicmlOHneWdoS9dsjP9JwiaNvL7a345PPDZLvic9Xaq5bbZQ/0?wx_fmt=jpeg,{},,false,false,2025-08-24 15:48:57.672,2025-08-24 15:48:57.672,2025-08-24 15:48:57.672,default,false,false,
cmepv97450001ie04acossgjz,demo-user,LINK,254 何为新瓶旧酒的婚育选择？从《姐姐当家》聊起 - 严肃喧哗 | 小宇宙 - 听播客，上小宇宙,,https://www.xiaoyuzhoufm.com/episode/68a88be542cc2798e7ee7f5f?s=eyJ1IjogIjY2MjIxNzBkZWRjZTY3MTA0YWM0NzllOSJ9,"听《严肃喧哗》上小宇宙。 轻松学术，严肃生活

「关于节目」
一档轻松的文化学术节目，由一位女性主持。

现已推出上海众生相、世界女性史、金庸、哈利波特、上野千鹤子、互联网研究、女性创作、马克思列宁主题等系列节目，欢迎收听、交流～

「关于门童」
流窜全球打螺丝，曾经是北大图书馆借阅榜冠军
豆瓣、知乎、小红书同名：门童inSydney",www.xiaoyuzhoufm.com,https://www.xiaoyuzhoufm.com/favicon-32x32.png,https://image.xyzcdn.net/FhnDwgixiZfcxbWdH2FCd4w3p3Ug.jpg,{},,false,false,2025-08-24 15:51:54.435,2025-08-24 15:51:54.435,2025-08-24 15:51:54.435,default,false,false,
cmeqpemq30001jp04pimdxbg5,demo-user,LINK,2024 Blog Refresh | Hamster1963,,https://buycoffee.top/blog/tech/blog-2024,2024 Blog Refresh,buycoffee.top,https://buycoffee.top/favicon.ico,https://buycoffee.top/blog-img/blog-2024/cover.webp,{},,false,false,2025-08-25 05:55:56.425,2025-08-25 05:55:56.425,2025-08-25 05:55:56.425,default,false,false,
cmeqpfejh0001kw04o6i70ds1,demo-user,LINK,Bowen - DeepFlow,,https://www.deepflow.top/,"Developer, writer, and creator.",www.deepflow.top,https://www.deepflow.top/favicon.ico,https://deepflow.vercel.app/opengraph-image.png?020d9f90d45085c2,{},,false,false,2025-08-25 05:56:32.475,2025-08-25 05:56:32.475,2025-08-25 05:56:32.475,default,false,false,
cmer75brz0001l204fva2mdgc,demo-user,TEXT,zlflly-notes,"- 关闭编辑窗口，原始编辑内容还在
- 【功能】：置顶
- 刷新前端不及时",,Taste-first anti-knowledge management notes - 个人笔记管理系统，支持文本、链接、图片笔记的创建和管理,www.zlflly.asia,https://www.zlflly.asia/favicon.ico,https://my-minttr.vercel.app/og-image.png,{},,false,false,2025-08-25 14:12:35.421,2025-10-18 13:06:26.535,2025-08-25 14:12:35.421,default,true,false,
cmer81pm10001l104w6icbq25,demo-user,LINK,博客里的实时指针 | Hamster1963,,https://buycoffee.top/blog/tech/cursor,Cursor,buycoffee.top,https://buycoffee.top/favicon.ico,https://buycoffee.top/blog-img/cursor/cover.jpeg,{},,false,false,2025-08-25 14:37:46.343,2025-08-25 14:37:46.343,2025-08-25 14:37:46.343,default,false,false,
cmer8farv0001ih04gbo1n1wq,demo-user,LINK,Hamster1963,,https://buycoffee.top/,"Developer, writer, and creator.",buycoffee.top,https://buycoffee.top/favicon.ico,https://buycoffee.top/opengraph-image.png?020d9f90d45085c2,{},,false,false,2025-08-25 14:48:20.296,2025-08-25 14:48:20.296,2025-08-25 14:48:20.296,default,false,false,
cmer8uj7u00036vrg5gz48ehh,demo-user,LINK,Z-Library – the world’s largest e-book library. Your gateway to knowledge and culture.,,https://zlib.by/,"Z-Library is an online library dedicated to enhancing global education through easy access to books. Recognizing books as a valuable source of knowledge throughout history, we aim to provide free literature access to those in need.",zlib.by,https://zlib.by/favicon.svg,,{},,false,false,2025-08-25 15:00:11.082,2025-08-25 15:00:11.082,2025-08-25 15:00:11.082,default,false,false,
cmer95kdh0001jx04a0knbbqv,demo-user,LINK,zlflly-notes,,https://www.zlflly.asia/,Taste-first anti-knowledge management notes - 个人笔记管理系统，支持文本、链接、图片笔记的创建和管理,www.zlflly.asia,https://www.zlflly.asia/favicon.png,https://www.zlflly.asia/favicon.png,{},,false,false,2025-08-25 15:08:45.795,2025-08-25 15:08:45.795,2025-08-25 15:08:45.795,default,false,false,
cmersnne90001jy0458hmwost,demo-user,TEXT,,"- K&RC
- Think Python",,,,,,{},,false,false,2025-08-26 00:14:42.222,2025-08-26 01:40:11.865,2025-08-26 00:14:42.222,pink,false,false,
cmert8s620001ky041n6c3qr1,demo-user,LINK,BIT101,,https://bit101.cn/gallery/7554,BIT101校园社区,bit101.cn,https://bit101.cn/favicon.ico,,{},,false,false,2025-08-26 00:31:08.183,2025-08-26 00:31:08.183,2025-08-26 00:31:08.183,default,false,false,
cmervnp8g0001jx0429y4e6j4,demo-user,TEXT,,"- CMU 某大学教授的 last lecture
- 连接设计学院与计算机学院的一座桥",,,,,,{},,false,false,2025-08-26 01:38:43.454,2025-08-26 01:40:06.853,2025-08-26 01:38:43.454,pink,false,false,
cmerwf6xt0001ld04bpxznl6a,demo-user,TEXT,,"- 把数据分成若干子集（区分子集的策略是什么）
- 哪些子集作为训练集，哪些子集作为验证集
- 是不是需要把计算出Shapley值的数据子集分成训练集和验证集
- 我该怎么设置策略网络
- 一个可能的思路🤔：根据数据的几何特征将数据分类，（这里应该是）",,,,,,{},,false,false,2025-08-26 02:00:06.111,2025-08-26 02:04:41.433,2025-08-26 02:00:06.111,default,false,false,
cmes6vdst0001la04kyrfm46y,demo-user,LINK,wxk123 - 博客园,,https://www.cnblogs.com/WXk-k,暂无描述信息,www.cnblogs.com,https://assets.cnblogs.com/favicon_v3_2.ico,,{},,false,false,2025-08-26 06:52:37.659,2025-08-26 06:52:37.659,2025-08-26 06:52:37.659,default,false,false,
cmes88k4k0001l804mvd3c05p,demo-user,TEXT,,"# 游戏念头
- 第三人称飞机飞行类音乐游戏
- 推箱子游戏
- 像素风
---
1. 更多的按键支持
2. 角色变换",,,,,,{},,false,false,2025-08-26 07:30:52.002,2025-08-26 09:29:31.314,2025-08-26 07:30:52.002,default,false,false,
cmes8ca3u0003l8043wcndh4a,demo-user,IMAGE,Image Note,,,,,,https://k4om4n9exwhk7kke.public.blob.vercel-storage.com/images/1756193621996-5p8n421ps72.png,{},,false,false,2025-08-26 07:33:45.643,2025-08-26 07:33:45.643,2025-08-26 07:33:45.643,default,false,false,
cmes8nhvw0001jx04pivxvbpd,demo-user,IMAGE,Image Note,,,,,,https://k4om4n9exwhk7kke.public.blob.vercel-storage.com/images/1756194145847-c0j34otri6.webp,{},,false,false,2025-08-26 07:42:28.938,2025-08-26 07:42:28.938,2025-08-26 07:42:28.938,default,false,false,
cmes8sogk0001ju04j3kj1n7p,demo-user,IMAGE,Image Note,,,,,,https://k4om4n9exwhk7kke.public.blob.vercel-storage.com/images/1756194384776-6nfcsmwei3i.webp,{},,false,false,2025-08-26 07:46:30.738,2025-08-26 07:46:30.738,2025-08-26 07:46:30.738,default,false,false,
cmes8tgbt0003ju04tgdut9ym,demo-user,IMAGE,Image Note,,,,,,https://k4om4n9exwhk7kke.public.blob.vercel-storage.com/images/1756194422987-67mahgu6wee.webp,{},,false,false,2025-08-26 07:47:06.857,2025-08-26 07:47:06.857,2025-08-26 07:47:06.857,default,false,false,
cmes8vggp0005ju04sszphmkp,demo-user,IMAGE,Image Note,,,,,,https://k4om4n9exwhk7kke.public.blob.vercel-storage.com/images/1756194517172-cwhpofkqwhd.webp,{},,false,false,2025-08-26 07:48:40.346,2025-08-26 07:48:40.346,2025-08-26 07:48:40.346,default,false,false,
cmesa3dql00076vus49xsp3ix,demo-user,LINK,A Short Hike by adamgryu,,https://adamgryu.itch.io/a-short-hike,"Hike, climb, and soar through the peaceful mountainside landscapes of Hawk Peak Provincial Park.
Follow the marked trails or explore the backcountry as you make your way to the summit.
Along the way...",adamgryu.itch.io,https://img.itch.zone/aW1nLzIzMjk1MzUucG5n/32x32%23/LsGaCE.png,https://img.itch.zone/aW1nLzIxNzUzNzUucG5n/original/rbQHfm.png,{},,false,false,2025-08-26 08:22:49.677,2025-08-26 08:22:49.677,2025-08-26 08:22:49.677,default,false,false,
cmesa85e500096vusm9v67nxt,demo-user,LINK,"Slugoborus by Yogurt The Horse, 13px, Tiny Issue, kiberptah",,https://yogurtthehorse.itch.io/slugoborus,"Credits
Yogurt the Horseprogramming13pxartkiberptahsound &amp; music

OST",yogurtthehorse.itch.io,https://img.itch.zone/aW1nLzIyNjEyMzAzLnBuZw==/32x32%23/Egj%2BZp.png,https://img.itch.zone/aW1nLzIyNjA4NDIwLnBuZw==/original/%2F%2F9h2c.png,{},,false,false,2025-08-26 08:26:32.142,2025-08-26 08:26:32.142,2025-08-26 08:26:32.142,default,false,false,
cmesad09a000b6vusdjt81f3z,demo-user,LINK,Rat King by torcado,,https://torcado.itch.io/rat-king,"A broughlike about a rat and a rat.
Move with arrow keys/wasd/swipingUse items with 1-5 keys/tapping
Good luck :)
👑🐁",torcado.itch.io,https://img.itch.zone/aW1nLzIyMTExNzI4LnBuZw==/32x32%23/foSPvD.png,https://img.itch.zone/aW1nLzIyNjc2NTM1LnBuZw==/original/vhdQN%2F.png,{},,false,false,2025-08-26 08:30:18.765,2025-08-26 08:30:18.765,2025-08-26 08:30:18.765,default,false,false,
cmesafjkx0001jr04wrorh6o2,demo-user,LINK,The Royal Writ by SaveSlothStudios,,https://saveslothstudios.itch.io/the-royal-writ,"This jam version of the game&nbsp;was made&nbsp;for&nbsp;Ludum Dare 55, we are&nbsp;currently working&nbsp;on a full release, to be released&nbsp;in&nbsp;2025!
Play the newer demo&nbsp;here: https://...",saveslothstudios.itch.io,https://img.itch.zone/aW1nLzE1Nzc5MTgzLnBuZw==/32x32%23/qgYRJQ.png,https://img.itch.zone/aW1hZ2UvMjY0NTU2OC8xNTc3OTI1NS5wbmc=/347x500/C%2BXBr1.png,{},,false,false,2025-08-26 08:32:17.119,2025-08-26 08:32:17.119,2025-08-26 08:32:17.119,default,false,false,
cmesainbb0001jr04jgg51e75,demo-user,LINK,GB BASIC | Tony Wang,,https://paladin-t.github.io/kits/gbb/,GameBuilder BASIC (GB BASIC) is a retro Fantasy Console that generates ROMs compatible with the popular handheld game console.,paladin-t.github.io,https://paladin-t.github.io/kits/gbb/favicon.ico,,{},,false,false,2025-08-26 08:34:41.925,2025-08-26 08:34:41.925,2025-08-26 08:34:41.925,default,false,false,
cmesb01i40001ky047rximxaq,demo-user,IMAGE,Image Note,,,,,,https://k4om4n9exwhk7kke.public.blob.vercel-storage.com/images/1756198088815-hu6tv4sjs4v.png,{},,false,false,2025-08-26 08:48:13.466,2025-08-26 08:48:13.466,2025-08-26 08:48:13.466,default,false,false,
cmesb4e5m0003ky049lrniljy,demo-user,IMAGE,Image Note,,,,,,https://k4om4n9exwhk7kke.public.blob.vercel-storage.com/images/1756198293262-m6sjrr17utj.webp,{},,false,false,2025-08-26 08:51:36.491,2025-08-26 08:51:36.491,2025-08-26 08:51:36.491,default,false,false,
cmesb83av0005ky04s7lbtiec,demo-user,IMAGE,Image Note,,,,,,https://k4om4n9exwhk7kke.public.blob.vercel-storage.com/images/1756198464104-lt4wnr8gf9.png,{},,false,false,2025-08-26 08:54:29.047,2025-08-26 08:54:29.047,2025-08-26 08:54:29.047,default,false,false,
cmesb9ple0007ky04qusjfl58,demo-user,LINK,Love Letters by Nozomu Games,,https://nozomu57.itch.io/love-letters,"Help shy and hesitant student gather some courage and speak to their angelic classmate.
Playthrough time: 5-7 minutes.

Ivan: code, game design Eva: art, narrative designNikita: musicVasilisa: addi...",nozomu57.itch.io,https://img.itch.zone/aW1nLzIyNjAzNDQ4LnBuZw==/32x32%23/WmFgoK.png,https://img.itch.zone/aW1hZ2UvMzc3ODczNi8yMjUzODAzNC5wbmc=/347x500/A05kM3.png,{},,false,false,2025-08-26 08:55:44.594,2025-08-26 08:55:44.594,2025-08-26 08:55:44.594,default,false,false,
cmeu2tesu0001ju04f3v53ccc,demo-user,LINK,16*16的像素横版卷轴砖块和道具素材-像素实验室,,https://pixlab24.com/tilesets/45784/,16*16的像素横版卷轴砖块和道具素材，用于 2D 横向卷轴游戏的 16&#215;16 像素艺术资产包。 这个早期版本可以为你提供构建小型关卡的基础知识。 草地瓷砖集（16&#215;16，瓷砖地图就绪） 2 个路标（左和右） 2块小石头,pixlab24.com,https://pixlab24.com/favicon.png,,{},,false,false,2025-08-27 14:34:39.532,2025-08-27 14:34:39.532,2025-08-27 14:34:39.532,default,false,false,
cmeu2u09g0001ky041xt5kyy7,demo-user,IMAGE,Image Note,,,,,,https://k4om4n9exwhk7kke.public.blob.vercel-storage.com/images/1756305302420-e8rll6sknjm.png,{},,false,false,2025-08-27 14:35:07.346,2025-08-27 14:35:07.346,2025-08-27 14:35:07.346,default,false,false,
cmeu3xglo0001l704egcomd2u,demo-user,TEXT,,"亲亲！！🥰我要亲亲🥺🥺

🐶：muamua(*╯3╰)

🐱：⬆️变态一只狗

🐶：没错汪汪",,,,,,{},,false,false,2025-08-27 15:05:48.106,2025-09-01 00:49:15.785,2025-08-27 15:05:48.106,default,false,false,
cmeu5clq20001l704bjcyu2se,demo-user,LINK,"A simple, free tilemap Editor Online - Sprite Fusion",,https://www.spritefusion.com/?utm_source=maxaibox.com,"Design your tilemap with Sprite Fusion, the ultimate free online level editor. Design 2D games with ease, direclty export to Unity Tilemap and Godot Scenes. Ideal for retro games!",www.spritefusion.com,https://www.spritefusion.com/favicon.png,https://www.spritefusion.com/images/preview.webp,{},,false,false,2025-08-27 15:45:34.2,2025-08-27 15:45:34.2,2025-08-27 15:45:34.2,default,false,false,
cmeu6le8n0001jp04gc66mxao,demo-user,TEXT,,"为一款游戏创建一个详细的像素艺术帧动画，其中最终图像被划分为多个子图像，每个子图像作为连续动画的关键帧。设计序列以描绘【一名巫师施法的过程：开始时展示复杂的手部动作，接着表现巫师召唤出一个充满活力的火球，最后捕捉到巫师释放火球的瞬间】。确保关键帧之间的过渡平滑且连续，并尽可能多地包含帧数，以实现动画的高度流畅性和细节表现。
提示中【】可替换成自己想要的角色和动作！",,,,,,{},,false,false,2025-08-27 16:20:24.02,2025-08-27 16:20:24.02,2025-08-27 16:20:24.02,default,false,false,
cmeygf2g70001jo04k7dsva4m,demo-user,LINK,Funtography: A Gameboy Cameradventure by dfug,,https://difegue.itch.io/funtography-a-gameboy-cameradventure,"Welcome to the DrachmoSoft®️ TheamatOS&trade;️! Enjoy the luxuries of a true modern 1989 Operating System. And there&#x27;s also a game preinstalled in there for some reason?
  
 
In Funtography, e...",difegue.itch.io,https://img.itch.zone/aW1nLzIwODY1OTgzLnBuZw==/32x32%23/fOjgFV.png,https://img.itch.zone/aW1hZ2UvMjI0MzQzMC8yMDg2NjExNS5wbmc=/347x500/9QC58a.png,{},,false,false,2025-08-30 16:06:29.669,2025-08-30 16:06:29.669,2025-08-30 16:06:29.669,default,false,false,
cmez7onnq0001jv04yx9e0aga,demo-user,LINK,"ArchaeOS by ill omens, Florence Smith Nicholls",,https://illomens.itch.io/archaeos,"Welcome to ArchaeOS!
As a pilgrim, you have been granted access to a select number of records from our archive. Using our bespoke software, you will use a deck of cards to help you interpret three ob...",illomens.itch.io,https://illomens.itch.io/favicon.png,https://img.itch.zone/aW1hZ2UvMzUwNDg1MC8yMDkxMzM4OC5qcGc=/347x500/80rMUP.jpg,{},,false,false,2025-08-31 04:49:46.692,2025-08-31 04:49:46.692,2025-08-31 04:49:46.692,default,false,false,
cmez7p7u70001ie04pva5obq6,demo-user,LINK,"Riba by nbmach1ne, Ivan Papiol",,https://nbmachine.itch.io/riba,"🌱 This game was made for the Global Game Jam /&nbsp;Malaga jam 2021 🌱
🍄&nbsp;Full Screen highly encouraged!
An interactive, atmospheric experience about fishing your grandma&#x27;s bones.
Art an...",nbmachine.itch.io,https://img.itch.zone/aW1nLzUwOTU0NzcucG5n/32x32%23/SIbB%2Bd.png,https://img.itch.zone/aW1hZ2UvOTAyMzc4LzUwOTU2NjQucG5n/347x500/9hZmdw.png,{},,false,false,2025-08-31 04:50:12.833,2025-08-31 04:50:12.833,2025-08-31 04:50:12.833,default,false,false,
cmez7q2j60003jv04bzmbtnl7,demo-user,LINK,RAIN MUSIC WAS HERE BEFORE 魔鬼似爪牙 by OXY,,https://oxy6.itch.io/rain-music-was-here-before,"RAIN MUSIC WAS HERE BEFORE&nbsp;
魔鬼似爪牙 is a double-feature.

1- RAIN MUSIC - CONTROLS : WASD, Mouse to look.
SONG :&nbsp;jackzebra - 魔鬼似爪牙
This game is the fusion of all the little effects Ive be...",oxy6.itch.io,https://oxy6.itch.io/favicon.png,https://img.itch.zone/aW1hZ2UvMzcxOTc4MC8yMjE2Nzk4Mi5wbmc=/347x500/jSuXRV.png,{},,false,false,2025-08-31 04:50:52.626,2025-08-31 04:50:52.626,2025-08-31 04:50:52.626,default,false,false,
cmez7qmxq0005jv04z3gttl6q,demo-user,LINK,Sea Magic by Ethan Clark (EPICPIKAGUY),,https://epicpikaguy.itch.io/sea-magic,"A game about moving around to cast spells and&nbsp;optimizing score. Play&nbsp;the&nbsp;prequel&nbsp;here.
Controls:
    
Arrows/WASD: Move
    
Enter:&nbsp;Action
    
Z: Undo 
F: Place box
...",epicpikaguy.itch.io,https://img.itch.zone/aW1nLzE5OTUzMzg1LnBuZw==/32x32%23/dmJ7HQ.png,https://img.itch.zone/aW1hZ2UvMzMzNzM3OC8xOTk1MzI2NS5wbmc=/347x500/Tl%2BpaX.png,{},,false,false,2025-08-31 04:51:19.07,2025-08-31 04:51:19.07,2025-08-31 04:51:19.07,default,false,false,
cmezly1u30001jr04mqhnhida,demo-user,LINK,来自 www.zhihu.com 的内容,,https://www.zhihu.com/question/1938917766951343950/answer/1940886660985393159?share_code=1aI8EppvDBkyr&utm_psn=1945568684857861945,给计算机专业的学生的建议,www.zhihu.com,https://www.zhihu.com/favicon.ico,,{},,false,false,2025-08-31 11:28:59.593,2025-08-31 11:29:31.618,2025-08-31 11:28:59.593,default,false,false,
cmezm0wii0001jp04ytadwrw3,demo-user,LINK,汇尘轩 | 锦恢的博客,,https://kirigaya.cn/home,入尘求道，以恢为锦,kirigaya.cn,https://kirigaya.cn/favicon.ico,https://kirigaya.cn/favicon.png,{},,false,false,2025-08-31 11:31:12.663,2025-08-31 11:31:12.663,2025-08-31 11:31:12.663,default,false,false,
cmf0ziun00001kw04575q9src,demo-user,LINK,TexturePacker - Create Sprite Sheets for your game!,,https://www.codeandweb.com/texturepacker,TexturePacker creates and optimizes sprite sheets for your game engine,www.codeandweb.com,https://www.codeandweb.com/favicon-32x32-cf4325912be17b4b1dd1914fefcba95f.png,,{},,false,false,2025-09-01 10:36:51.226,2025-09-01 10:36:51.226,2025-09-01 10:36:51.226,default,false,false,
cmf11bqry0001ju04k0hr5btx,demo-user,LINK,视差效果的横向卷轴像素日本风格背景图片素材-像素实验室,,https://pixlab24.com/backgrounds/26553/,视差效果的横向卷轴像素日本风格背景图片素材，一个背景具有多个图层，可以混合搭配以获得不同的背景外观。 背景尺寸为 353*180。 该包总共包含 13 个图层。这些图层可用于制作视差背景。 此包是系列的一部分，可以与奇幻2D像素游戏日本武士,pixlab24.com,https://pixlab24.com/favicon.png,,{},,false,false,2025-09-01 11:27:18.86,2025-09-01 11:27:18.86,2025-09-01 11:27:18.86,default,false,false,
cmf24qtn40001kz04kuwzi0od,demo-user,LINK,Gemini Co-Drawing - a Hugging Face Space by Trudy,,https://huggingface.co/spaces/Trudy/gemini-codrawing,Gemini Co-Drawing lets you create and edit drawings by entering text prompts. You can add your changes to the canvas and clear it if needed. The app uses AI to generate images based on your input.,huggingface.co,https://huggingface.co/favicon.png,https://cdn-thumbnails.huggingface.co/social-thumbnails/spaces/Trudy/gemini-codrawing.png,{},,false,false,2025-09-02 05:50:47.437,2025-09-02 05:50:47.437,2025-09-02 05:50:47.437,default,false,false,
cmf2nyd320001jx04a2k6e1h3,demo-user,LINK,粉色的像素科幻传送门动画素材-像素实验室,,https://pixlab24.com/objects/27039/,粉色的像素科幻传送门动画素材，免费像素艺术传送门可用于免费或商业游戏，无需信用。,pixlab24.com,https://pixlab24.com/favicon.png,,{},,false,false,2025-09-02 14:48:31.932,2025-09-02 14:48:31.932,2025-09-02 14:48:31.932,default,false,false,
cmf2nyqks0003jx049ahbb6dm,demo-user,LINK,3个简单的像素虫子敌人动画素材-像素实验室,,https://pixlab24.com/character/43438/,3个简单的像素虫子敌人动画素材，包括 3 个角色，具有以下动画：空闲、攻击、击中和死亡。 角色尺寸 -精灵 尺寸 16&#215;16。所有动画的画布尺寸均为 48&#215;48 高大的敌人—— 空闲（5帧）、攻击（6帧）、击中（3帧）、,pixlab24.com,https://pixlab24.com/favicon.png,,{},,false,false,2025-09-02 14:48:49.42,2025-09-02 14:48:49.42,2025-09-02 14:48:49.42,default,false,false,
cmf3gyn5s0001jv04zrt7fvux,demo-user,IMAGE,人体地铁线路图,人体地铁线路图,,,,,https://k4om4n9exwhk7kke.public.blob.vercel-storage.com/images/1756873229659-lgvbo7i68m.png,{},,false,false,2025-09-03 04:20:33.854,2025-09-03 04:20:33.854,2025-09-03 04:20:33.854,default,false,false,
cmf3qowmj0001jv04r8g491oj,demo-user,TEXT,,《图论入门：基本知识和算法》,,,,,,{},,false,false,2025-09-03 08:52:55.721,2025-09-03 08:52:55.721,2025-09-03 08:52:55.721,default,false,false,
cmf5mddku0001i8045r6nu37x,demo-user,LINK,"解谜游戏 | 感受算法的魅力_小张是一个密室逃脱爱好者,在密室逃脱的游戏中,你需要解开一系列谜题最终拿到出门-CSDN博客",,https://blog.csdn.net/weixin_43787043/article/details/108506008?ops_request_misc=elastic_search_misc&request_id=f0a9e4a8069309495b6e291b3128f20e&biz_id=0&utm_medium=distribute.pc_search_result.none-task-blog-2~all~sobaiduend~default-1-108506008-null-null.142^v102^pc_search_result_base9&utm_term=%E5%B0%8F%E5%BC%A0%E6%98%AF%E4%B8%80%E4%B8%AA%E5%AF%86%E5%AE%A4%E9%80%83%E8%84%B1%E7%88%B1%E5%A5%BD%E8%80%85%EF%BC%8C%E5%9C%A8%E5%AF%86%E5%AE%A4%E9%80%83%E8%84%B1%E7%9A%84%E6%B8%B8%E6%88%8F%E4%B8%AD%EF%BC%8C%E4%BD%A0%E9%9C%80%E8%A6%81%E8%A7%A3%E5%BC%80%E4%B8%80%E7%B3%BB%E5%88%97%E8%B0%9C%E9%A2%98%E6%9C%80%E7%BB%88%E6%8B%BF%E5%88%B0%E5%87%BA%E9%97%A8%E7%9A%84%E5%AF%86%E7%A0%81%E3%80%82%E7%8E%B0%E5%9C%A8%E5%B0%8F%E5%BC%A0%E9%9C%80%E8%A6%81%E6%89%93%E5%BC%80%E4%B8%80%E4%B8%AA%E8%97%8F%E6%9C%89%E7%BA%BF%E7%B4%A2%E7%9A%84%E7%AE%B1%E5%AD%90%EF%BC%8C%E4%BD%86%E7%AE%B1%E5%AD%90%E4%B8%8A%E6%9C%89%E4%B8%8B%E5%9B%BE%E6%89%80%E7%A4%BA%E7%9A%84%E5%AF%86%E7%A0%81%E9%94%81%E3%80%82&spm=1018.2226.3001.4187,"小张是一个密室逃脱爱好者，在密室逃脱的游戏中，你需要解开一系列谜题最终拿到出门的密码。现在小张需要打开一个藏有线索的箱子，但箱子上有下图所示的密码锁。每个点是一个按钮，每个按钮里面有一个小灯。._小张是一个密室逃脱爱好者,在密室逃脱的游戏中,你需要解开一系列谜题最终拿到出门",blog.csdn.net,https://blog.csdn.net/favicon.png,,{},,false,false,2025-09-04 16:27:31.708,2025-09-04 16:27:31.708,2025-09-04 16:27:31.708,default,false,false,
cmfahlsiv0001lb043we42mz9,demo-user,LINK,Jahad Metro Plaza / KA architecture studio (Mohammad Khavarian) | ArchDaily,,https://www.archdaily.com/1033623/jahad-metro-plaza-ka-architecture-studio-mohammad-khavarian?ad_content=1033623&ad_medium=widget&ad_name=featured_loop_main,"Completed in 2023 in Tehran, Iran. Images by Mohammad Hassan Ettefagh, KA architecture studio (Mohammad Khavarian), Athena Taleghani. The metropolis of Tehran once featured a livable and low-density historic core, which, following the Iranian Revolution, underwent unbalanced and...",www.archdaily.com,https://www.archdaily.com/favicon.png,https://images.adsttc.com/media/images/68b5/8dab/b315/3301/87da/6712/medium_jpg/jahad-metro-plaza-ka-architecture-studio-mohammad-khavarian_2.jpg?1756728820,{},,false,false,2025-09-08 02:12:57.125,2025-09-08 02:12:57.125,2025-09-08 02:12:57.125,default,false,false,
cmfb5o4jj0001jv04r2y0rghy,demo-user,LINK,- YouTube,,https://youtu.be/LaKt90H4p6Q?list=PLzAv_uHZw7dTI2e0F8-lxxOWV9zXMzwNE&t=4090,离散数学第一节,youtu.be,https://www.youtube.com/s/desktop/814d40a6/img/favicon.ico,,{},,false,false,2025-09-08 13:26:36.797,2025-09-08 13:26:36.797,2025-09-08 13:26:36.797,default,false,false,
cmfcg9k180001ky04g5delhjx,demo-user,LINK,一个动态更新的洛谷综合题单 &#8211; Studying Father&#039;s blog,,https://studyingfather.com/archives/841,暂无描述信息,studyingfather.com,https://studyingfather.cdn.zsq001.cn/wp-content/uploads/2024/04/cropped-400x400-1-32x32.png,,{},,false,false,2025-09-09 11:10:58.986,2025-09-09 11:10:58.986,2025-09-09 11:10:58.986,default,false,false,
cmfcgae5f0003ky04tz26w4r7,demo-user,LINK,OI Wiki - OI Wiki,,https://oi-wiki.org/,暂无描述信息,oi-wiki.org,https://oi-wiki.org/favicon.png,,{},,false,false,2025-09-09 11:11:38.019,2025-09-09 11:11:38.019,2025-09-09 11:11:38.019,default,false,false,
cmfez7d8h0001k304fsd7i9up,demo-user,LINK,横向卷轴和平台游戏像素迷你恐龙动画素材-像素实验室,,https://pixlab24.com/character/35004/,横向卷轴和平台游戏像素迷你恐龙动画素材，精灵表提供了 3 种动画，让您的游戏栩栩如生。包括要编辑的 aseprite 文件。如有需要，请随意使用和修改角色。 空闲（6 帧） 奔跑（6 帧） 跳跃（6帧） 个人和商业使用，无需归属。,pixlab24.com,https://pixlab24.com/favicon.png,,{},,false,false,2025-09-11 05:36:41.919,2025-09-11 05:36:41.919,2025-09-11 05:36:41.919,default,false,false,
cmff2v7vf0001l104kvajfdsq,demo-user,LINK,ascii画 - 在线工具,,https://tool.lu/asciipainting/category.html,ascii画,tool.lu,https://tool.lu/favicon.ico,https://qn11.tool.lu/202111/23/135406hUyR4KvpgePlGuTh_1200x630.png,{},,false,false,2025-09-11 07:19:13.561,2025-09-11 07:19:13.561,2025-09-11 07:19:13.561,default,false,false,
cmfzinqpb0001l504b66urovc,demo-user,LINK,长期训练计划 &#8211; Studying Father&#039;s blog,,https://studyingfather.com/archives/1219,暂无描述信息,studyingfather.com,https://studyingfather.cdn.zsq001.cn/wp-content/uploads/2024/04/cropped-400x400-1-32x32.png,,{},,false,false,2025-09-25 14:36:42.093,2025-09-28 07:59:51.844,2025-09-25 14:36:42.093,default,false,false,
cmg0ycjg30001js04qlwfi07r,demo-user,IMAGE,这是我的桌面，你喜欢嘛,这是我的桌面，你喜欢嘛,,,,,https://k4om4n9exwhk7kke.public.blob.vercel-storage.com/images/1758897815592-5xv62hol9lt.webp,{},,false,false,2025-09-26 14:43:39.504,2025-09-26 14:44:32.199,2025-09-26 14:43:39.504,default,false,false,
cmg0yomzr0001l404p2k8c7fe,demo-user,LINK,Learn Anything,,https://learn-anything.xyz/,一个很酷的知识聚合网站,learn-anything.xyz,https://learn-anything.xyz/favicon-32x32.png,,{},,false,false,2025-09-26 14:53:03.973,2025-09-26 14:53:03.973,2025-09-26 14:53:03.973,default,false,false,
cmg68ut980001ky04gpjxt75i,demo-user,LINK,Scholar Search | Search and Screen Papers with Agentic AI,,https://www.wispaper.ai/app/search,You can screen 1000 papers in just 5 minutes with AIto get 20 papers you must read,www.wispaper.ai,https://www.wispaper.ai/base-search/src/assets/webp/logo-512x512.webp,https://wispaper.ai/assets/logo.png,{},,false,false,2025-09-30 07:36:39.066,2025-09-30 07:36:39.066,2025-09-30 07:36:39.066,default,false,false,
cmgch80i70001la05lddhylaa,demo-user,IMAGE,前段时间太累了，现在才来看看！我们现在呆在一起哦！你在写我的日记本，我躺在床上懒得收拾东西，就跑来玩啦！还想跟你爱好久好久！！,前段时间太累了，现在才来看看！我们现在呆在一起哦！你在写我的日记本，我躺在床上懒得收拾东西，就跑来玩啦！还想跟你爱好久好久！！,,,,,https://k4om4n9exwhk7kke.public.blob.vercel-storage.com/images/1759594642117-wk23o6r33b.webp,{},,false,false,2025-10-04 16:17:28.973,2025-10-04 16:17:28.973,2025-10-04 16:17:28.973,default,false,false,
cmgeqarum0001js045tzfyld1,demo-user,LINK,勿言推理 电影版-电影-高清独家在线观看-bilibili-哔哩哔哩,,https://www.bilibili.com/bangumi/play/ss48762?theme=movie&from_spmid=666.7.operation.4,改编自同名人气漫画，讲述顶着一头爆炸头卷发，具有超强推理能力的大学生久能整（菅田将晖 饰）破解一个又一个悬案的故事。电影版讲述“广岛篇”，围绕名家・狩集家的遗产继承问题展开。,www.bilibili.com,https://www.bilibili.com/favicon.ico?v=1,https://i0.hdslb.com/bfs/bangumi/image/32004bfaeabca5198803f9497e8b22313336d982.png,{},,false,false,2025-10-06 06:07:06.62,2025-10-06 06:07:06.62,2025-10-06 06:07:06.62,default,false,false,
cmgkq6pv80001l704g8q6lsj1,demo-user,LINK,Patina – Free Web-Based Vinyl Simulator Plugin | Minta Foundry,,https://www.mintafoundry.com/patina,在线黑胶本地音乐播放器,www.mintafoundry.com,https://www.mintafoundry.com/favicon.png,,{},,false,false,2025-10-10 10:50:34.482,2025-10-10 10:50:58.982,2025-10-10 10:50:34.482,default,false,false,
cmgnml0ju0001l504lb4esepf,demo-user,LINK,Wispaper,,https://www.wispaper.ai/,调研论文网站,www.wispaper.ai,https://www.wispaper.ai/icon.png,,{},,false,false,2025-10-12 11:33:01.576,2025-10-12 11:33:01.576,2025-10-12 11:33:01.576,default,false,false,
cmgnn2djx0001jp04xax15vkw,demo-user,LINK,Explore | alphaXiv,,https://www.alphaxiv.org/,论文调研+论文提问,www.alphaxiv.org,https://www.alphaxiv.org/icon.ico?ba7039e153811708,https://static.alphaxiv.org/logos/alphaxiv_logo.png,{},,false,false,2025-10-12 11:46:31.579,2025-10-12 11:46:31.579,2025-10-12 11:46:31.579,default,false,false,
cmgp8c3tt0001kz046rkflng0,demo-user,LINK,ReasoningBank: Scaling Agent Self-Evolving with Reasoning Memory | alphaXiv,,https://www.alphaxiv.org/abs/2509.25140,正在读的论文 2025.10.13,www.alphaxiv.org,https://www.alphaxiv.org/icon.ico?ba7039e153811708,https://paper-assets.alphaxiv.org/image/2509.25140v1.png,{},,false,false,2025-10-13 14:29:43.647,2025-10-13 14:30:26.047,2025-10-13 14:29:43.647,green,false,false,
cmgp8crpi0003kz04c46wqu49,demo-user,LINK,来自 pq6n00yp90h.feishu.cn 的内容,,https://pq6n00yp90h.feishu.cn/wiki/NI2iwQn4YiJMyikf6tYcnK19nnd,需要汇报的飞书文档,pq6n00yp90h.feishu.cn,,,{},,false,false,2025-10-13 14:30:14.598,2025-10-13 14:30:22.84,2025-10-13 14:30:14.598,green,false,false,
cmgq5zxvu0001l1042yh1oib2,demo-user,LINK,Home | CS 61B Spring 2024,,https://sp24.datastructur.es/,Data Structures,sp24.datastructur.es,https://sp24.datastructur.es/favicon.ico,,{},,false,false,2025-10-14 06:12:03.016,2025-10-14 06:12:03.016,2025-10-14 06:12:03.016,default,false,false,
cmgqg6vlb0001l204pdnrejtu,demo-user,LINK,【中文配音】数据结构 - 顶尖程序员 Harsha Suryanarayana 图文讲解。10年后，依然没有人能够击败他的内容！_哔哩哔哩_bilibili,,https://www.bilibili.com/video/BV1Jr4RemEHY?spm_id_from=333.788.recommend_more_video.0&trackid=web_related_0.router-related-2206419-45xsh.1760439328336.284&vd_source=e254c5ed17076dd593ef1d2d20973fd8,【中文配音】数据结构,www.bilibili.com,https://i0.hdslb.com/bfs/static/jinkela/long/images/favicon.ico,https://i1.hdslb.com/bfs/archive/7603d457c8ee350a9a5a51d176b6cef69b10886a.png,{},,false,false,2025-10-14 10:57:22.797,2025-10-14 10:57:22.797,2025-10-14 10:57:22.797,default,false,false,
cmgt28ami0001l5042xz4tzbt,demo-user,LINK,知识星球 | 深度连接铁杆粉丝，运营高品质社群，知识变现的工具,,https://wx.zsxq.com/group/88511825151142,知识星球是创作者连接铁杆粉丝，实现知识变现的工具。任何从事创作或艺术的人，例如艺术家、工匠、教师、学术研究、科普等，只要能获得一千位铁杆粉丝，就足够生计无忧，自由创作。社群管理、内容沉淀、链接粉丝等就在知识星球。,wx.zsxq.com,https://wx.zsxq.com/group/assets_dweb/images/favicon_32.ico,,{},,false,false,2025-10-16 06:49:52.84,2025-10-16 06:49:52.84,2025-10-16 06:49:52.84,default,false,false,
cmgt4rv420001jo04lhw4l4go,demo-user,LINK,星球：码农会锁 | 小傅哥 bugstack 虫洞栈,,https://bugstack.cn/md/zsxq/introduce.html#%E4%B8%80%E3%80%81%E5%89%8D%E8%A8%80-%E6%98%9F%E7%90%83%E4%BB%8B%E7%BB%8D,包含: Java 基础，面经手册，Netty4.x，手写MyBatis，用Java实现JVM，重学Java设计模式，SpringBoot中间件开发，IDEA插件开发，大营销抽奖系统，Java 实战项目训练，字节码编程...,bugstack.cn,https://bugstack.cn/favicon.ico,,{},,false,false,2025-10-16 08:01:05.088,2025-10-19 06:34:27.281,2025-10-16 08:01:05.088,default,true,false,
cmgwahkq60001l5049pwx3hyo,demo-user,LINK,Cargo,,https://cargo.site/,Site builder for designers and artists,cargo.site,https://static.cargo.site/favicon/c3-favicon.ico,https://static.cargo.site/assets/C3/screenshots/cargosite.jpg,{},个人网站,false,false,2025-10-18 13:04:21.291,2025-10-19 06:31:02.707,2025-10-18 13:04:21.291,default,false,false,
cmgwaiml40003l504tvydmprs,demo-user,LINK,Template K384,,https://566879-a.cargo.site/,cargo.site,566879-a.cargo.site,https://static.cargo.site/favicon/c3-favicon.ico,https://freight.cargo.site/w/1000/i/K2267895328841804660664854513494/screenshot-1879220431.jpg,{},个人网站,false,false,2025-10-18 13:05:10.36,2025-10-19 06:30:50.098,2025-10-18 13:05:10.36,default,false,false,
cmgx2ea480001jo04k9i9d0gr,demo-user,LINK,Agent Router,,https://agentrouter.org/,"Claude Code, OpenAI Codex, Gemini Cli 公益站",agentrouter.org,https://agentrouter.org/logo.png,,{},api,false,false,2025-10-19 02:05:36.822,2025-10-19 06:35:29.333,2025-10-19 02:05:36.822,blue,false,false,
cmgxbujk70001l104sr02h3mc,demo-user,LINK,小红书,,https://www.xiaohongshu.com/user/profile/6869062d000000001e03fa6a?xsec_token=ABwgHg-KswAsc-JkEAb69oIlb0elYnpOnq1oL1CURefxs%3D&xsec_source=pc_search,Agent Memory 论文推荐,www.xiaohongshu.com,https://www.xiaohongshu.com/favicon.ico,,{},,false,false,2025-10-19 06:30:12.102,2025-10-19 06:34:19.341,2025-10-19 06:30:12.102,blue,true,false,
cmhbzdvfj0001kz04wsqwwqjn,demo-user,LINK,Microsoft OneDrive,,https://dub.sh/heptabase,heptabase下载链接,dub.sh,https://dub.sh/_layouts/15/images/odbfavicon.ico?rev=48,,{},,false,false,2025-10-29 12:37:51.581,2025-10-29 12:37:51.581,2025-10-29 12:37:51.581,default,false,false,
cmhj6vahb0001l804i4h0vj93,demo-user,LINK,通过OCR识别文本 - 简便，在线，免费 - PDF24,,https://tools.pdf24.org/zh/ocr-pdf,通过OCR识别文档中文本的免费在线工具。建立可搜索的PDF文件。 很多选择。没有安装。没有注册。,tools.pdf24.org,https://tools.pdf24.org/static/img/pdf24.png?v=658057a1,https://tools.pdf24.org/static/img/share/v3/zh/ocrPdf.png?v=62c39242,{},,false,false,2025-11-03 13:41:44.782,2025-11-03 13:41:44.782,2025-11-03 13:41:44.782,default,false,false,
cmho4qs7u0001if04707lxh1k,demo-user,LINK,PDF 转 Markdown 在线工具 - 免费转换与导出,,https://notegpt.io/cn/pdf-to-markdown-converter,PDF转Markdown,notegpt.io,https://cdn.zbaseglobal.com/saasbox/product/icon/048f0f7cda877310b9e6c7614571e478.png,,{},,false,false,2025-11-07 00:41:06.136,2025-11-07 00:41:06.136,2025-11-07 00:41:06.136,default,false,false,
cmhoyzrb80001l1047ticjaat,demo-user,LINK,《动手学深度学习》 &#8212; 动手学深度学习 2.0.0 documentation,,https://zh.d2l.ai/index.html,动手学深度学习,zh.d2l.ai,https://zh.d2l.ai/_static/favicon.png,,{},,false,false,2025-11-07 14:47:53.346,2025-11-07 14:47:53.346,2025-11-07 14:47:53.346,default,false,false,
cmhqdd3y60001js0449ocn94y,demo-user,TEXT,,🐱到此一游！,,,,,,{},,false,false,2025-11-08 14:17:57.052,2025-11-08 14:17:57.052,2025-11-08 14:17:57.052,default,false,false,
cmhw2pzye0001l1043ko5ewvy,demo-user,LINK,所有的PDF工具 - 100%免费 - PDF24,,https://tools.pdf24.org/zh/all-tools,PDF24提供大量的经过精心裁剪的针对特定问题的工具集合。您将在这个页面找到所有的PDF工具。,tools.pdf24.org,https://tools.pdf24.org/static/img/pdf24.png?v=658057a1,https://tools.pdf24.org/static/img/share/v3/allTools.png?v=62beefee,{},,false,false,2025-11-12 14:06:39.684,2025-11-12 14:06:39.684,2025-11-12 14:06:39.684,default,false,false,
cmhz1ue770001jv04avijp7xc,demo-user,LINK,来自 www.marktechpost.com 的内容,,"https://www.marktechpost.com/2025/02/18/a-stepwise-python-code-implementation-to-create-interactive-photorealistic-faces-with-nvidia-stylegan2%E2%80%91ada/#:~:text=z%20%3D%20torch,FFHQ%20is%20unconditional",代码博客网站,www.marktechpost.com,https://www.marktechpost.com/favicon.ico,,{},,false,false,2025-11-14 16:05:23.68,2025-11-14 16:05:23.68,2025-11-14 16:05:23.68,default,false,false,
cmicgo2110001ju04t31ud5zb,demo-user,TEXT,,"猫好想狗狗
狗狗也好想猫猫🐱",,,,,,{},,false,false,2025-11-24 01:21:22.499,2025-12-22 07:10:35.243,2025-11-24 01:21:22.499,default,true,false,
cmihfyi5t0001l804ddhyldux,demo-user,LINK,来自 zhuanlan.zhihu.com 的内容,,https://zhuanlan.zhihu.com/p/36410443,mode collapse,zhuanlan.zhihu.com,https://zhuanlan.zhihu.com/favicon.ico,,{},,false,false,2025-11-27 13:00:21.231,2025-11-27 13:00:21.231,2025-11-27 13:00:21.231,default,false,false,
cmimkkutf0001kw04spr74iea,demo-user,TEXT,,哥哥，你伤害到我了。,,,,,,{},,false,false,2025-12-01 03:08:33.409,2025-12-01 03:08:33.409,2025-12-01 03:08:33.409,default,false,false,
cmjptszl60001if0473vgrm9f,demo-user,LINK,来自 10.171.109.159 的内容,,http://10.171.109.159:13830/,北理工开放公益站,10.171.109.159,https://10.171.109.159/favicon.ico,,{},学习资源,false,false,2025-12-28 14:29:50.248,2026-01-03 16:27:38.048,2025-12-28 14:29:50.248,default,false,false,
cmjsbu0ga0001jp04ngcwpoos,demo-user,LINK,"GitHub - EdisonLeeeee/Awesome-Learning-Resource: A curated list of all kinds of learning resources, blogs, books, videos and so on.",,https://github.com/EdisonLeeeee/Awesome-Learning-Resource,"A curated list of all kinds of learning resources, blogs, books, videos and so on.  - GitHub - EdisonLeeeee/Awesome-Learning-Resource: A curated list of all kinds of learning resources, blogs, books, videos and so on.",github.com,https://github.githubassets.com/favicons/favicon,https://opengraph.githubassets.com/b0960bef7d9300940546591af1071b606847b14a2a40b7966e2491d0f981cc01/EdisonLeeeee/Awesome-Learning-Resource,{},精华,false,false,2025-12-30 08:30:03.464,2026-01-03 16:25:30.389,2025-12-30 08:30:03.464,default,false,false,
cmjtmu0ba0001l8041clsqjum,demo-user,LINK,yinwm (yinwm) · GitHub,,https://github.com/yinwm,yinwm has 24 repositories available. Follow their code on GitHub.,github.com,https://github.githubassets.com/favicons/favicon,https://avatars.githubusercontent.com/u/73553?v=4?s=400,{},,false,false,2025-12-31 06:25:45.236,2025-12-31 06:25:45.236,2025-12-31 06:25:45.236,default,false,false,
cmjxzw8yq0001ib042qcynsp5,demo-user,LINK,36氪研究院 | 中国中小企业数字化转型报告2024-36氪,,https://www.36kr.com/p/2828999531170307,一站式数字化服务，引领中小企业数字化新征程,www.36kr.com,https://www.36kr.com/favicon.png,https://img.36krcdn.com/hsossms/20240621/v2_ac167f532b2b420c948d19bbfcf77341@12547972_oswg285852oswg600oswg400_img_png,{},,false,false,2026-01-03 07:42:29.472,2026-01-03 07:42:29.472,2026-01-03 07:42:29.472,default,false,false,
cmjyih8n10001kv04w5a9uxos,demo-user,LINK,大学物理AII 学习笔记,,https://ri-nai-bit-se.github.io/Physics-AII-Notes/,大学物理AII 电磁学与近代物理学习笔记,ri-nai-bit-se.github.io,https://ri-nai-bit-se.github.io/favicon.png,,{},,false,false,2026-01-03 16:22:41.915,2026-01-03 16:22:41.915,2026-01-03 16:22:41.915,default,false,false,
cmjyikiz70003kv04td4i18tz,demo-user,LINK,📚 BIT-SE | BIT-SE,,https://ri-nai-bit-se.github.io/BIT-SE/,北京理工大学软件工程专业课程资料,ri-nai-bit-se.github.io,https://ri-nai-bit-se.github.io/BIT-SE/favicon.ico,,{},精华 学习资源,false,false,2026-01-03 16:25:15.283,2026-01-03 16:27:27.5,2026-01-03 16:25:15.283,default,false,false,
cmjyir5fi0001l804cffvpsls,demo-user,LINK,来自 www.reddit.com 的内容,,https://www.reddit.com/r/machinelearningnews/,AI/机器学习/生成式人工智能,www.reddit.com,https://www.reddit.com/favicon.ico,,{},,false,false,2026-01-03 16:30:24.318,2026-01-03 16:30:42.979,2026-01-03 16:30:24.318,default,false,false,
cmk96p5nn0003kz04y1kzc2cw,demo-user,LINK,1.0 十大经典排序算法 | 菜鸟教程,,https://www.runoob.com/w3cnote/ten-sorting-algorithm.html,本系列算法整理自：https://github.com/hustcc/JS-Sorting-Algorithm 同时也参考了维基百科做了一些补充。   排序算法是《数据结构与算法》中最基本的算法之一。  排序算法可以分为内部排序和外部排序，内部排序是数据记录在内存中进行排序，而外部排序是因排序的数据很大，一次不能容纳全部的排序记录，在排序过程中需要访问外存。常见的内部排序算法有：插入排序、希尔排序、选择排序、冒泡排序、归并排序、快速排序..,www.runoob.com,https://static.char123.com/images/favicon.ico,,{},,false,false,2026-01-11 03:38:23.843,2026-01-11 03:38:23.843,2026-01-11 03:38:23.843,default,false,false,
cmk96ql1s0005kz04z9ma7lwy,demo-user,LINK,数据结构与算法 | 菜鸟教程,,https://www.runoob.com/data-structures/data-structures-tutorial.html,数据结构与算法   数据结构（英语：data structure）是计算机中存储、组织数据的方式。 数据结构是一种具有一定逻辑关系，在计算机中应用某种存储结构，并且封装了相应操作的数据元素集合。它包含三方面的内容，逻辑关系、存储关系及操作。 不同种类的数据结构适合于不同种类的应用，而部分甚至专门用于特定的作业任务。例如，计算机网络依赖于路由表运作，B 树高度适用于数据库的封装。   为什么要学习数据结构和算法？ 随着应用程序变得越来越复..,www.runoob.com,https://static.char123.com/images/favicon.ico,,{},,false,false,2026-01-11 03:39:30.448,2026-01-11 03:39:30.448,2026-01-11 03:39:30.448,default,false,false,
cmmuel2710001ju04e5t6ykrp,demo-user,LINK,来自 zhuanlan.zhihu.com 的内容,,https://zhuanlan.zhihu.com/p/463791156,用C++实现一个简易数据库,zhuanlan.zhihu.com,https://zhuanlan.zhihu.com/favicon.ico,,{},,false,false,2026-03-17 09:21:44.027,2026-03-17 09:21:44.027,2026-03-17 09:21:44.027,default,false,false,
cmmuj7hpo0001l7042auxi4li,demo-user,LINK,来自 www.oryoy.com 的内容,,https://www.oryoy.com/news/shenjingwangluo,神经网络相关博客,www.oryoy.com,https://www.oryoy.com/favicon.ico,,{},,false,false,2026-03-17 11:31:09.034,2026-03-17 11:31:09.034,2026-03-17 11:31:09.034,default,false,false,
cmmynz0o30001l804oa1rg36y,demo-user,LINK,你以为我在玩游戏，但其实我在学习：steam端学习类游戏分享_电玩帮,,https://www.vgover.com/news/63582,你以为我在玩游戏，但其实我在学习：steam端学习类游戏分享,www.vgover.com,https://www.vgover.com/static/frontend/img/favicon.ico,https://imgheybox1.max-c.com/bbs/2023/10/24/90064ee6c1fab187df6d7b5ff95241a2/thumb.jpeg?imageMogr2/auto-orient/ignore-error/1/format/jpg/thumbnail/850x1450%3E,{},,false,false,2026-03-20 08:55:36.481,2026-03-20 08:55:36.481,2026-03-20 08:55:36.481,default,false,false,
cmn5rji8x0001jv04hi5g81so,demo-user,LINK,RSS Reader,,https://rss-reader.dutl.uk/?feeds=&ttl=0&blocklist=&truncLim=100&kindleMode=false&markAsReadEnabled=false&hideReadPosts=false,"A simple and free RSS reader that allows you to fetch, read, and manage RSS feeds with advanced settings.",rss-reader.dutl.uk,https://emoji.dutl.uk/png/64x64/%F0%9F%93%93.png,https://cemrekarakas.com/posts/2025/01/09/rss-reader-20250109.png,{},,false,false,2026-03-25 08:09:54.465,2026-03-25 08:09:54.465,2026-03-25 08:09:54.465,default,false,false,